<?xml version="1.0" encoding="utf-8"?>
<Configuration xmlns:xsi="http://www.w3.org/2001/XMLSchema-instance" xmlns:xsd="http://www.w3.org/2001/XMLSchema">
  <EnableLog>false</EnableLog>
  <Servers>
    <Name>ML8 - RILM</Name>
    <Path>C:\Data\Programs\MarkLogicSwitch\instances\ml8-055-rilm</Path>
    <Status>Neutral</Status>
  </Servers>
  <Servers>
    <Name>ML8 - Tesla</Name>
    <Path>C:\Data\Programs\MarkLogicSwitch\instances\ml8-055-tesla</Path>
    <Status>Neutral</Status>
  </Servers>
  <Servers>
    <Name>ML8 - Love &amp; Marriage</Name>
    <Path>C:\Data\Programs\MarkLogicSwitch\instances\ml8-055-love-marriage</Path>
    <Status>Neutral</Status>
  </Servers>
  <Servers>
    <Name>ML8 - RILM 8.04</Name>
    <Path>C:\Data\Programs\MarkLogicSwitch\instances\ml8-040-rilm</Path>
    <Status>Neutral</Status>
  </Servers>
  <Servers>
    <Name>ML8 - ABN</Name>
    <Path>C:\Data\Programs\MarkLogicSwitch\instances\ml8-08</Path>
    <Status>Neutral</Status>
  </Servers>
  <Servers>
    <Name>ML8 - TEST</Name>
    <Path>C:\Data\Programs\MarkLogicSwitch\instances\ml8-080-test</Path>
    <Status>Neutral</Status>
  </Servers>
  <Servers>
    <Name>ML9 - S12N</Name>
    <Path>C:\Data\Programs\MarkLogicSwitch\instances\ml9-050-s12n</Path>
    <Status>Neutral</Status>
  </Servers>
</Configuration>